{"cameraMode":{"drawMode":0,"name":"Shaded","section":"Shading Mode"},"sceneLighting":true,"audioPlay":false,"sceneViewState":{"showFog":true,"showMaterialUpdate":false,"showSkybox":true,"showFlares":true,"showImageEffects":true,"showParticleSystems":true,"showVisualEffectGraphs":true,"m_FxEnabled":true},"in2DMode":false,"pivot":{"x":2.427213191986084,"y":-11.414615631103516,"z":-7.446916580200195},"rotation":{"x":0.015249304473400116,"y":0.8637396693229675,"z":-0.5030646920204163,"w":0.026174349710345269},"size":20.320711135864259,"orthographic":false}